Hpipapi,Sn856eh,L8ug7bq
Cochinchine - Cozy and Luxurious Condo.,CC - 401,"Quận 1, Việt Nam"
Cochinchine Charming flat at the heart of the city,CC - 304,"Phạm Ngũ Lão, Việt Nam"
Comfortable bed local lifestyle party st DeTham D1,23 - Pepper,"Quận 1, Việt Nam"
Deluxe condo Queen bed with Bathtub #Central #D1,LL  - Milk 2 & Coffee 2,"Quận 1, Việt Nam"
Glamorous Cozy Unit in CBD,LL - Coffee 1,"Quận 1, Việt Nam"
Luxury Flat- river view center of HCM city,B 9.08,"Quận 2, Việt Nam"
Millenium Luxury apartment with private view,B11.09,"Quận 4, Việt Nam"
"Millennium fantastic flat, infinity swimming pool",C2 150/47,"Quận 4, Việt Nam"
Minh's Home - Saigonese lifestyle - quiet in CBD,MH  - 03,"Quận 1, Việt Nam"
Opera - Estatic apartment with skyline view,TheO - B 16.09,"Thủ Đức, Việt Nam"
Stylish and Vibrant flat,C 12.02,"Quận 2, Việt Nam"
The luxurious apartment-2brs - River view,TC - C 12.02,"Thủ Thiêm, Việt Nam"
The Opera: Gateway to Luxury,TheO - B 20.12A,"Thành phố Hồ Chí Minh, Việt Nam"      